path,label
"images/testimage02-1-355,548-419,612.jpg",1
"images/testimage02-1-13,303-77,367.jpg",1
"images/testimage02-1-329,211-393,275.jpg",1
"images/testimage02-0-484,117-548,181.jpg",0
"images/testimage02-0-631,82-695,146.jpg",0
"images/testimage02-0-561,267-625,331.jpg",0
"images/testimage02-0-848,214-912,278.jpg",0
"images/testimage02-0-705,548-769,612.jpg",0
"images/testimage02-0-802,403-866,467.jpg",0
"images/testimage02-0-846,554-910,618.jpg",0
"images/testimage02-0-395,844-459,908.jpg",0
"images/testimage02-0-258,871-322,935.jpg",0
"images/testimage02-0-82,670-146,734.jpg",0
"images/testimage02-0-248,726-312,790.jpg",0
"images/testimage02-0-85,510-149,574.jpg",0
"images/testimage02-0-12,568-76,632.jpg",0
"images/testimage02-0-234,291-298,355.jpg",0
"images/testimage02-0-533,686-597,750.jpg",0
"images/testimage02-0-487,645-551,709.jpg",0
"images/testimage02-0-796,710-860,774.jpg",0
"images/testimage02-1-1085,924-1149,988.jpg",1
"images/testimage02-1-1077,954-1141,1018.jpg",1
"images/testimage02-1-1091,982-1155,1046.jpg",1
"images/testimage02-1-1450,711-1514,775.jpg",1
"images/testimage02-1-1458,1115-1522,1179.jpg",1
"images/testimage02-1-733,1066-797,1130.jpg",1
"images/testimage02-1-733,1379-797,1443.jpg",1
"images/testimage02-1-26,1256-90,1320.jpg",1
"images/testimage02-1-0,1304-64,1368.jpg",1
"images/testimage02-1-14,1284-78,1348.jpg",1
"images/testimage02-1-0,1557-64,1621.jpg",1
"images/testimage02-1-358,1672-422,1736.jpg",1
"images/testimage02-1-1046,1683-1110,1747.jpg",1
"images/testimage02-1-1060,1708-1124,1772.jpg",1
"images/testimage02-1-1084,1730-1148,1794.jpg",1
"images/testimage02-1-1043,1760-1107,1824.jpg",1
"images/testimage02-1-1375,1718-1439,1782.jpg",1
"images/testimage02-1-1421,1747-1485,1811.jpg",1
"images/testimage02-1-1418,1729-1482,1793.jpg",1
"images/testimage02-1-1425,1681-1489,1745.jpg",1
"images/testimage02-1-1463,1488-1527,1552.jpg",1
"images/testimage02-0-1190,1250-1254,1314.jpg",0
"images/testimage02-0-1098,1213-1162,1277.jpg",0
"images/testimage02-0-1111,1416-1175,1480.jpg",0
"images/testimage02-0-942,1334-1006,1398.jpg",0
"images/testimage02-0-955,1190-1019,1254.jpg",0
"images/testimage02-0-798,1200-862,1264.jpg",0
"images/testimage02-0-583,1225-647,1289.jpg",0
"images/testimage02-0-545,1002-609,1066.jpg",0
"images/testimage02-0-340,1185-404,1249.jpg",0
"images/testimage02-0-233,1074-297,1138.jpg",0
"images/testimage02-0-337,1002-401,1066.jpg",0
"images/testimage02-0-109,1022-173,1086.jpg",0
"images/testimage02-0-218,1245-282,1309.jpg",0
"images/testimage02-0-131,1401-195,1465.jpg",0
"images/testimage02-0-300,1441-364,1505.jpg",0
"images/testimage02-0-382,1384-446,1448.jpg",0
"images/testimage02-0-464,1371-528,1435.jpg",0
"images/testimage02-0-521,1520-585,1584.jpg",0
"images/testimage02-0-325,1468-389,1532.jpg",0
"images/testimage02-0-136,1622-200,1686.jpg",0
"images/testimage02-0-466,1684-530,1748.jpg",0
"images/testimage02-0-503,1709-567,1773.jpg",0
"images/testimage02-0-1230,1622-1294,1686.jpg",0
"images/testimage02-0-992,1547-1056,1611.jpg",0
"images/testimage02-0-823,1570-887,1634.jpg",0
"images/testimage02-0-726,1649-790,1713.jpg",0
"images/testimage02-0-843,1674-907,1738.jpg",0
"images/testimage02-0-1379,1322-1443,1386.jpg",0
"images/testimage02-0-1257,1371-1321,1435.jpg",0
"images/testimage02-0-1304,1438-1368,1502.jpg",0
"images/testimage02-0-1676,1391-1740,1455.jpg",0
"images/testimage02-0-1671,1468-1735,1532.jpg",0
"images/testimage02-1-1779,1518-1843,1582.jpg",1
"images/testimage02-1-1771,1097-1835,1161.jpg",1
"images/testimage02-1-1773,1177-1837,1241.jpg",1
"images/testimage02-1-1773,642-1837,706.jpg",1
"images/testimage02-0-1531,878-1595,942.jpg",0
"images/testimage02-0-1588,942-1652,1006.jpg",0
"images/testimage02-0-1690,895-1754,959.jpg",0
"images/testimage02-0-1638,632-1702,696.jpg",0
"images/testimage02-0-1556,523-1620,587.jpg",0
"images/testimage02-0-1734,411-1798,475.jpg",0
"images/testimage02-0-1546,203-1610,267.jpg",0
"images/testimage02-0-1588,191-1652,255.jpg",0
"images/testimage02-0-1608,245-1672,309.jpg",0
"images/testimage02-0-1714,87-1778,151.jpg",0
"images/testimage02-0-1843,104-1907,168.jpg",0
"images/testimage02-0-1556,149-1620,213.jpg",0
"images/testimage02-0-1481,213-1545,277.jpg",0
"images/testimage02-1-1110,257-1174,321.jpg",1
"images/testimage02-1-1095,290-1159,354.jpg",1
"images/testimage02-0-1052,369-1116,433.jpg",0
"images/testimage02-0-1025,300-1089,364.jpg",0
"images/testimage02-0-1037,211-1101,275.jpg",0
"images/testimage02-0-1055,20-1119,84.jpg",0
"images/testimage02-0-1102,39-1166,103.jpg",0
"images/testimage02-0-1022,109-1086,173.jpg",0
"images/testimage02-0-1084,109-1148,173.jpg",0
"images/testimage02-0-1057,141-1121,205.jpg",0
"images/testimage02-1-738,2050-802,2114.jpg",1
"images/testimage02-1-711,2250-775,2314.jpg",1
"images/testimage02-1-1073,2182-1137,2246.jpg",1
"images/testimage02-1-1099,2150-1163,2214.jpg",1
"images/testimage02-1-1049,2188-1113,2252.jpg",1
"images/testimage02-1-1766,2125-1830,2189.jpg",1
"images/testimage02-1-1796,1815-1860,1879.jpg",1
"images/testimage02-1-1796,1863-1860,1927.jpg",1
"images/testimage02-1-1839,1893-1903,1957.jpg",1
"images/testimage02-1-1486,2599-1550,2663.jpg",1
"images/testimage02-1-1764,2912-1828,2976.jpg",1
"images/testimage02-1-1463,2611-1527,2675.jpg",1
"images/testimage02-1-1445,3015-1509,3079.jpg",1
"images/testimage02-1-1780,3169-1844,3233.jpg",1
"images/testimage02-1-1770,3214-1834,3278.jpg",1
"images/testimage02-1-1481,3231-1545,3295.jpg",1
"images/testimage02-1-1461,3252-1525,3316.jpg",1
"images/testimage02-1-392,2585-456,2649.jpg",1
"images/testimage02-0-936,2887-1000,2951.jpg",0
"images/testimage02-0-1067,2758-1131,2822.jpg",0
"images/testimage02-0-1298,2956-1362,3020.jpg",0
"images/testimage02-0-1159,3015-1223,3079.jpg",0
"images/testimage02-0-1129,2904-1193,2968.jpg",0
"images/testimage02-0-1241,2770-1305,2834.jpg",0
"images/testimage02-0-1241,2591-1305,2655.jpg",0
"images/testimage02-0-1179,2547-1243,2611.jpg",0
"images/testimage02-0-1360,2418-1424,2482.jpg",0
"images/testimage02-0-1707,2455-1771,2519.jpg",0
"images/testimage02-0-1851,2564-1915,2628.jpg",0
"images/testimage02-0-1826,2614-1890,2678.jpg",0
"images/testimage02-0-1846,2512-1910,2576.jpg",0
"images/testimage02-0-1771,2309-1835,2373.jpg",0
"images/testimage02-0-1630,2212-1694,2276.jpg",0
"images/testimage02-0-1558,2013-1622,2077.jpg",0
"images/testimage02-0-1610,1924-1674,1988.jpg",0
"images/testimage02-0-1660,1741-1724,1805.jpg",0
"images/testimage02-0-1399,1927-1463,1991.jpg",0
"images/testimage02-0-1211,1865-1275,1929.jpg",0
"images/testimage02-0-1261,2031-1325,2095.jpg",0
"images/testimage02-0-1382,2142-1446,2206.jpg",0
"images/testimage02-0-1283,2212-1347,2276.jpg",0
"images/testimage02-0-1211,2299-1275,2363.jpg",0
"images/testimage02-0-1047,2403-1111,2467.jpg",0
"images/testimage02-0-879,2420-943,2484.jpg",0
"images/testimage02-0-665,2532-729,2596.jpg",0
"images/testimage02-0-829,2542-893,2606.jpg",0
"images/testimage02-0-864,2616-928,2680.jpg",0
"images/testimage02-0-645,2748-709,2812.jpg",0
"images/testimage02-0-484,2882-548,2946.jpg",0
"images/testimage02-0-224,2301-288,2365.jpg",0
"images/testimage02-0-318,2056-382,2120.jpg",0
"images/testimage02-0-385,1974-449,2038.jpg",0
"images/testimage02-0-479,2185-543,2249.jpg",0
"images/testimage02-0-417,2348-481,2412.jpg",0
"images/testimage02-0-544,2366-608,2430.jpg",0
"images/testimage02-0-204,2713-268,2777.jpg",0
"images/testimage02-0-278,2887-342,2951.jpg",0
"images/testimage02-0-209,3075-273,3139.jpg",0
"images/testimage02-0-365,3122-429,3186.jpg",0
"images/testimage02-0-209,3268-273,3332.jpg",0
"images/testimage02-0-358,3316-422,3380.jpg",0
"images/testimage02-0-544,3298-608,3362.jpg",0
"images/testimage02-0-571,3135-635,3199.jpg",0
"images/testimage02-0-717,3107-781,3171.jpg",0
"images/testimage02-0-762,3187-826,3251.jpg",0
"images/testimage02-0-708,2966-772,3030.jpg",0
"images/testimage02-0-889,3154-953,3218.jpg",0
"images/testimage02-0-779,3286-843,3350.jpg",0
"images/testimage02-0-1055,3293-1119,3357.jpg",0
"images/testimage02-0-1174,3259-1238,3323.jpg",0
"images/testimage02-1-1456,3554-1520,3618.jpg",1
"images/testimage02-1-1481,3550-1545,3614.jpg",1
"images/testimage02-1-1770,3519-1834,3583.jpg",1
"images/testimage02-1-1754,3555-1818,3619.jpg",1
"images/testimage02-1-1463,3944-1527,4008.jpg",1
"images/testimage02-1-1455,3976-1519,4040.jpg",1
"images/testimage02-1-1437,3754-1501,3818.jpg",1
"images/testimage02-1-1765,3973-1829,4037.jpg",1
"images/testimage02-1-1783,3986-1847,4050.jpg",1
"images/testimage02-1-1783,4305-1847,4369.jpg",1
"images/testimage02-1-1425,4296-1489,4360.jpg",1
"images/testimage02-1-1437,4332-1501,4396.jpg",1
"images/testimage02-1-1406,4295-1470,4359.jpg",1
"images/testimage02-1-1115,4434-1179,4498.jpg",1
"images/testimage02-1-1059,4683-1123,4747.jpg",1
"images/testimage02-1-748,4788-812,4852.jpg",1
"images/testimage02-1-392,4799-456,4863.jpg",1
"images/testimage02-1-377,4815-441,4879.jpg",1
"images/testimage02-1-412,4263-476,4327.jpg",1
"images/testimage02-1-410,4301-474,4365.jpg",1
"images/testimage02-1-434,4298-498,4362.jpg",1
"images/testimage02-1-42,3569-106,3633.jpg",1
"images/testimage02-1-53,3583-117,3647.jpg",1
"images/testimage02-1-409,3945-473,4009.jpg",1
"images/testimage02-1-390,3977-454,4041.jpg",1
"images/testimage02-1-435,3976-499,4040.jpg",1
"images/testimage02-1-777,3755-841,3819.jpg",1
"images/testimage02-1-745,3999-809,4063.jpg",1
"images/testimage02-1-31,4113-95,4177.jpg",1
"images/testimage02-1-104,4104-168,4168.jpg",1
"images/testimage02-1-37,4155-101,4219.jpg",1
"images/testimage02-1-66,4129-130,4193.jpg",1
"images/testimage02-1-70,4392-134,4456.jpg",1
"images/testimage02-1-99,4426-163,4490.jpg",1
"images/testimage02-1-31,4588-95,4652.jpg",1
"images/testimage02-1-43,4625-107,4689.jpg",1
"images/testimage02-1-1468,4589-1532,4653.jpg",1
"images/testimage02-1-1427,4787-1491,4851.jpg",1
"images/testimage02-1-1417,4823-1481,4887.jpg",1
"images/testimage02-1-1730,4818-1794,4882.jpg",1
"images/testimage02-1-1738,4864-1802,4928.jpg",1
"images/testimage02-1-1745,4871-1809,4935.jpg",1
"images/testimage02-1-1105,4990-1169,5054.jpg",1
"images/testimage02-1-750,5061-814,5125.jpg",1
"images/testimage02-1-1135,5255-1199,5319.jpg",1
"images/testimage02-1-1145,5296-1209,5360.jpg",1
"images/testimage02-1-1438,5446-1502,5510.jpg",1
"images/testimage02-1-1737,5742-1801,5806.jpg",1
"images/testimage02-1-1454,5679-1518,5743.jpg",1
"images/testimage02-1-1087,5537-1151,5601.jpg",1
"images/testimage02-1-1094,5871-1158,5935.jpg",1
"images/testimage02-1-749,5642-813,5706.jpg",1
"images/testimage02-1-780,5396-844,5460.jpg",1
"images/testimage02-1-419,5411-483,5475.jpg",1
"images/testimage02-1-51,5525-115,5589.jpg",1
"images/testimage02-1-71,5539-135,5603.jpg",1
"images/testimage02-1-27,5719-91,5783.jpg",1
"images/testimage02-1-78,5755-142,5819.jpg",1
"images/testimage02-1-399,5610-463,5674.jpg",1
"images/testimage02-1-401,5647-465,5711.jpg",1
"images/testimage02-1-433,5948-497,6012.jpg",1
"images/testimage02-1-423,5998-487,6062.jpg",1
"images/testimage02-1-47,5189-111,5253.jpg",1
"images/testimage02-1-400,5045-464,5109.jpg",1
"images/testimage02-1-412,5063-476,5127.jpg",1
"images/testimage02-0-87,4799-151,4863.jpg",0
"images/testimage02-0-183,4615-247,4679.jpg",0
"images/testimage02-0-340,4494-404,4558.jpg",0
"images/testimage02-0-543,4484-607,4548.jpg",0
"images/testimage02-0-702,4454-766,4518.jpg",0
"images/testimage02-0-771,4402-835,4466.jpg",0
"images/testimage02-0-818,4581-882,4645.jpg",0
"images/testimage02-0-637,4687-701,4751.jpg",0
"images/testimage02-0-558,4836-622,4900.jpg",0
"images/testimage02-0-553,4935-617,4999.jpg",0
"images/testimage02-0-818,4918-882,4982.jpg",0
"images/testimage02-0-940,4791-1004,4855.jpg",0
"images/testimage02-0-1165,4841-1229,4905.jpg",0
"images/testimage02-0-1332,4987-1396,5051.jpg",0
"images/testimage02-0-1453,5082-1517,5146.jpg",0
"images/testimage02-0-1565,5144-1629,5208.jpg",0
"images/testimage02-0-1416,5191-1480,5255.jpg",0
"images/testimage02-0-1582,5315-1646,5379.jpg",0
"images/testimage02-0-1644,5421-1708,5485.jpg",0
"images/testimage02-0-1590,5491-1654,5555.jpg",0
"images/testimage02-0-1304,5496-1368,5560.jpg",0
"images/testimage02-0-1282,5684-1346,5748.jpg",0
"images/testimage02-0-1297,5811-1361,5875.jpg",0
"images/testimage02-0-1401,5878-1465,5942.jpg",0
"images/testimage02-0-1520,5920-1584,5984.jpg",0
"images/testimage02-1-1749,5997-1813,6061.jpg",1
"images/testimage02-0-1629,5843-1693,5907.jpg",0
"images/testimage02-0-1309,5994-1373,6058.jpg",0
"images/testimage02-1-1817,5400-1881,5464.jpg",1
"images/testimage02-1-1770,6255-1834,6319.jpg",1
"images/testimage02-1-1441,6501-1505,6565.jpg",1
"images/testimage02-1-1789,6789-1853,6853.jpg",1
"images/testimage02-1-1459,6997-1523,7061.jpg",1
"images/testimage02-1-1451,7228-1515,7292.jpg",1
"images/testimage02-1-1129,7238-1193,7302.jpg",1
"images/testimage02-1-1100,6833-1164,6897.jpg",1
"images/testimage02-0-908,5201-972,5265.jpg",0
"images/testimage02-0-586,5258-650,5322.jpg",0
"images/testimage02-0-517,5310-581,5374.jpg",0
"images/testimage02-0-541,5337-605,5401.jpg",0
"images/testimage02-0-303,5302-367,5366.jpg",0
"images/testimage02-0-214,5501-278,5565.jpg",0
"images/testimage02-0-249,5687-313,5751.jpg",0
"images/testimage02-0-271,5860-335,5924.jpg",0
"images/testimage02-0-221,5962-285,6026.jpg",0
"images/testimage02-0-221,6091-285,6155.jpg",0
"images/testimage02-0-593,6059-657,6123.jpg",0
"images/testimage02-1-424,6186-488,6250.jpg",1
"images/testimage02-1-765,6179-829,6243.jpg",1
"images/testimage02-1-1094,6115-1158,6179.jpg",1
"images/testimage02-1-1133,6097-1197,6161.jpg",1
"images/testimage02-0-854,5836-918,5900.jpg",0
"images/testimage02-0-725,5841-789,5905.jpg",0
"images/testimage02-0-583,5784-647,5848.jpg",0
"images/testimage02-0-633,5598-697,5662.jpg",0
"images/testimage02-0-643,5461-707,5525.jpg",0
"images/testimage02-0-926,5474-990,5538.jpg",0
"images/testimage02-0-918,5610-982,5674.jpg",0
"images/testimage02-0-956,5650-1020,5714.jpg",0
"images/testimage02-0-1479,6148-1543,6212.jpg",0
"images/testimage02-0-1789,5126-1853,5190.jpg",0
"images/testimage02-0-1709,5064-1773,5128.jpg",0
"images/testimage02-0-1583,4794-1647,4858.jpg",0
"images/testimage02-0-1643,4687-1707,4751.jpg",0
"images/testimage02-0-1856,4643-1920,4707.jpg",0
"images/testimage02-1-1105,6311-1169,6375.jpg",1
"images/testimage02-1-767,6454-831,6518.jpg",1
"images/testimage02-1-431,6418-495,6482.jpg",1
"images/testimage02-1-779,6463-843,6527.jpg",1
"images/testimage02-1-758,6764-822,6828.jpg",1
"images/testimage02-1-125,6601-189,6665.jpg",1
"images/testimage02-1-102,6643-166,6707.jpg",1
"images/testimage02-1-114,6656-178,6720.jpg",1
"images/testimage02-1-85,6836-149,6900.jpg",1
"images/testimage02-0-72,6302-136,6366.jpg",0
"images/testimage02-0-52,6042-116,6106.jpg",0
"images/testimage02-0-263,6575-327,6639.jpg",0
"images/testimage02-0-280,6734-344,6798.jpg",0
"images/testimage02-0-521,6689-585,6753.jpg",0
"images/testimage02-0-424,6801-488,6865.jpg",0
"images/testimage02-0-905,6632-969,6696.jpg",0
"images/testimage02-0-969,6374-1033,6438.jpg",0
"images/testimage02-0-659,6315-723,6379.jpg",0
"images/testimage02-0-907,6045-971,6109.jpg",0
"images/testimage02-0-1317,6178-1381,6242.jpg",0
"images/testimage02-0-1265,6377-1329,6441.jpg",0
"images/testimage02-0-1133,6548-1197,6612.jpg",0
"images/testimage02-0-1213,6617-1277,6681.jpg",0
"images/testimage02-0-1297,6660-1361,6724.jpg",0
"images/testimage02-0-1255,6759-1319,6823.jpg",0
"images/testimage02-0-1376,6806-1440,6870.jpg",0
"images/testimage02-0-1304,6870-1368,6934.jpg",0
"images/testimage02-0-1485,6838-1549,6902.jpg",0
"images/testimage02-0-1562,6799-1626,6863.jpg",0
"images/testimage02-0-1567,6620-1631,6684.jpg",0
"images/testimage02-0-1634,6491-1698,6555.jpg",0
"images/testimage02-0-1627,6402-1691,6466.jpg",0
"images/testimage02-0-1542,6332-1606,6396.jpg",0
"images/testimage02-1-790,7473-854,7537.jpg",1
"images/testimage02-1-779,7026-843,7090.jpg",1
"images/testimage02-1-422,6978-486,7042.jpg",1
"images/testimage02-1-85,7146-149,7210.jpg",1
"images/testimage02-1-116,7139-180,7203.jpg",1
"images/testimage02-1-144,7613-208,7677.jpg",1
"images/testimage02-1-117,7649-181,7713.jpg",1
"images/testimage02-1-147,7799-211,7863.jpg",1
"images/testimage02-1-125,7819-189,7883.jpg",1
"images/testimage02-1-750,7802-814,7866.jpg",1
"images/testimage02-1-1454,7793-1518,7857.jpg",1
"images/testimage02-1-1488,7553-1552,7617.jpg",1
"images/testimage02-1-1101,7650-1165,7714.jpg",1
"images/testimage02-1-1449,8117-1513,8181.jpg",1
"images/testimage02-1-1106,8404-1170,8468.jpg",1
"images/testimage02-1-789,8380-853,8444.jpg",1
"images/testimage02-1-439,8320-503,8384.jpg",1
"images/testimage02-1-162,8379-226,8443.jpg",1
"images/testimage02-1-115,8092-179,8156.jpg",1
"images/testimage02-1-93,8144-157,8208.jpg",1
"images/testimage02-0-533,7977-597,8041.jpg",0
"images/testimage02-0-764,7953-828,8017.jpg",0
"images/testimage02-0-870,7905-934,7969.jpg",0
"images/testimage02-0-920,7910-984,7974.jpg",0
"images/testimage02-0-533,7662-597,7726.jpg",0
"images/testimage02-0-605,7613-669,7677.jpg",0
"images/testimage02-0-476,7479-540,7543.jpg",0
"images/testimage02-0-521,7305-585,7369.jpg",0
"images/testimage02-0-553,7226-617,7290.jpg",0
"images/testimage02-0-377,7204-441,7268.jpg",0
"images/testimage02-0-292,7330-356,7394.jpg",0
"images/testimage02-0-268,7422-332,7486.jpg",0
"images/testimage02-0-101,7367-165,7431.jpg",0
"images/testimage02-0-575,6998-639,7062.jpg",0
"images/testimage02-0-729,7211-793,7275.jpg",0
"images/testimage02-0-843,7236-907,7300.jpg",0
"images/testimage02-0-999,7231-1063,7295.jpg",0
"images/testimage02-0-940,6980-1004,7044.jpg",0
"images/testimage02-0-942,6884-1006,6948.jpg",0
"images/testimage02-0-1029,7008-1093,7072.jpg",0
"images/testimage02-0-1141,7070-1205,7134.jpg",0
"images/testimage02-0-1342,7050-1406,7114.jpg",0
"images/testimage02-0-1299,7278-1363,7342.jpg",0
"images/testimage02-0-1247,7412-1311,7476.jpg",0
"images/testimage02-0-1056,7439-1120,7503.jpg",0
"images/testimage02-0-977,7504-1041,7568.jpg",0
"images/testimage02-0-915,7705-979,7769.jpg",0
"images/testimage02-0-1098,7757-1162,7821.jpg",0
"images/testimage02-0-1257,7863-1321,7927.jpg",0
"images/testimage02-0-1282,7635-1346,7699.jpg",0
"images/testimage02-0-1602,7387-1666,7451.jpg",0
"images/testimage02-0-1632,7223-1696,7287.jpg",0
"images/testimage02-0-1639,7104-1703,7168.jpg",0
"images/testimage02-1-1776,7324-1840,7388.jpg",1
"images/testimage02-0-1774,7142-1838,7206.jpg",0
"images/testimage02-0-1739,7022-1803,7086.jpg",0
"images/testimage02-0-1759,7067-1823,7131.jpg",0
"images/testimage02-0-1759,7548-1823,7612.jpg",0
"images/testimage02-0-1811,7638-1875,7702.jpg",0
"images/testimage02-0-1682,7784-1746,7848.jpg",0
"images/testimage02-1-1772,7759-1836,7823.jpg",1
"images/testimage02-1-1770,7787-1834,7851.jpg",1
"images/testimage02-1-1785,8096-1849,8160.jpg",1
"images/testimage02-1-1809,8136-1873,8200.jpg",1
"images/testimage02-0-1655,7987-1719,8051.jpg",0
"images/testimage02-0-1494,7975-1558,8039.jpg",0
"images/testimage02-0-1395,7987-1459,8051.jpg",0
"images/testimage02-0-1553,7764-1617,7828.jpg",0
"images/testimage02-0-1578,8210-1642,8274.jpg",0
"images/testimage02-0-1504,8220-1568,8284.jpg",0
"images/testimage02-0-1533,8411-1597,8475.jpg",0
"images/testimage02-0-1360,8334-1424,8398.jpg",0
"images/testimage02-0-1206,8235-1270,8299.jpg",0
"images/testimage02-0-1124,8084-1188,8148.jpg",0
"images/testimage02-0-1005,8156-1069,8220.jpg",0
"images/testimage02-0-864,8198-928,8262.jpg",0
"images/testimage02-0-765,8156-829,8220.jpg",0
"images/testimage02-0-554,8196-618,8260.jpg",0
"images/testimage02-0-343,8158-407,8222.jpg",0
"images/testimage02-0-311,8007-375,8071.jpg",0
"images/testimage02-0-54,8302-118,8366.jpg",0
"images/testimage02-0-220,8258-284,8322.jpg",0
"images/testimage02-0-287,8354-351,8418.jpg",0
"images/testimage02-0-583,8387-647,8451.jpg",0
"images/testimage02-1-437,8534-501,8598.jpg",1
"images/testimage02-1-1125,8876-1189,8940.jpg",1
"images/testimage02-1-779,8775-843,8839.jpg",1
"images/testimage02-1-813,9054-877,9118.jpg",1
"images/testimage02-1-1119,9309-1183,9373.jpg",1
"images/testimage02-1-1118,9168-1182,9232.jpg",1
"images/testimage02-1-1115,9144-1179,9208.jpg",1
"images/testimage02-1-788,9368-852,9432.jpg",1
"images/testimage02-1-439,9269-503,9333.jpg",1
"images/testimage02-1-130,9095-194,9159.jpg",1
"images/testimage02-1-178,9416-242,9480.jpg",1
"images/testimage02-1-137,9444-201,9508.jpg",1
"images/testimage02-0-119,8676-183,8740.jpg",0
"images/testimage02-0-121,8788-185,8852.jpg",0
"images/testimage02-0-335,8813-399,8877.jpg",0
"images/testimage02-0-230,8917-294,8981.jpg",0
"images/testimage02-0-411,8738-475,8802.jpg",0
"images/testimage02-0-640,8580-704,8644.jpg",0
"images/testimage02-0-771,8542-835,8606.jpg",0
"images/testimage02-0-907,8557-971,8621.jpg",0
"images/testimage02-0-950,8371-1014,8435.jpg",0
"images/testimage02-0-1168,8577-1232,8641.jpg",0
"images/testimage02-0-1309,8515-1373,8579.jpg",0
"images/testimage02-1-1470,8542-1534,8606.jpg",1
"images/testimage02-1-1771,8609-1835,8673.jpg",1
"images/testimage02-1-1802,8774-1866,8838.jpg",1
"images/testimage02-0-1638,8709-1702,8773.jpg",0
"images/testimage02-0-1667,8500-1731,8564.jpg",0
"images/testimage02-0-1744,8354-1808,8418.jpg",0
"images/testimage02-0-1288,8781-1352,8845.jpg",0
"images/testimage02-0-1333,8900-1397,8964.jpg",0
"images/testimage02-0-1310,8994-1374,9058.jpg",0
"images/testimage02-0-1553,9006-1617,9070.jpg",0
"images/testimage02-0-1422,9133-1486,9197.jpg",0
"images/testimage02-0-1647,9128-1711,9192.jpg",0
"images/testimage02-0-1786,9093-1850,9157.jpg",0
"images/testimage02-1-1821,9368-1885,9432.jpg",1
"images/testimage02-1-1467,9305-1531,9369.jpg",1
"images/testimage02-1-1428,9569-1492,9633.jpg",1
"images/testimage02-1-1116,9653-1180,9717.jpg",1
"images/testimage02-1-1729,9676-1793,9740.jpg",1
"images/testimage02-0-1692,9527-1756,9591.jpg",0
"images/testimage02-0-1640,9440-1704,9504.jpg",0
"images/testimage02-0-1675,9272-1739,9336.jpg",0
"images/testimage02-0-1347,9458-1411,9522.jpg",0
"images/testimage02-0-1300,9309-1364,9373.jpg",0
"images/testimage02-0-1067,9507-1131,9571.jpg",0
"images/testimage02-0-921,9418-985,9482.jpg",0
"images/testimage02-0-963,9274-1027,9338.jpg",0
"images/testimage02-0-923,9096-987,9160.jpg",0
"images/testimage02-0-943,8929-1007,8993.jpg",0
"images/testimage02-0-579,8934-643,8998.jpg",0
"images/testimage02-0-564,8810-628,8874.jpg",0
"images/testimage02-0-375,8999-439,9063.jpg",0
"images/testimage02-0-514,9036-578,9100.jpg",0
"images/testimage02-0-588,9197-652,9261.jpg",0
"images/testimage02-0-596,9321-660,9385.jpg",0
"images/testimage02-1-462,9525-526,9589.jpg",1
"images/testimage02-1-139,9658-203,9722.jpg",1
"images/testimage02-1-480,9808-544,9872.jpg",1
"images/testimage02-0-288,9703-352,9767.jpg",0
"images/testimage02-0-306,9502-370,9566.jpg",0
"images/testimage02-0-715,9676-779,9740.jpg",0
"images/testimage02-0-881,9725-945,9789.jpg",0
"images/testimage02-0-1047,9706-1111,9770.jpg",0
"images/testimage02-0-1127,9743-1191,9807.jpg",0
"images/testimage02-0-1419,9706-1483,9770.jpg",0
"images/testimage02-1-171,10160-235,10224.jpg",1
"images/testimage02-1-143,10670-207,10734.jpg",1
"images/testimage02-0-87,10523-151,10587.jpg",0
"images/testimage02-0-82,10374-146,10438.jpg",0
"images/testimage02-0-161,10334-225,10398.jpg",0
"images/testimage02-0-54,10086-118,10150.jpg",0
"images/testimage02-0-74,9903-138,9967.jpg",0
"images/testimage02-0-144,9876-208,9940.jpg",0
"images/testimage02-0-419,10066-483,10130.jpg",0
"images/testimage02-0-340,10131-404,10195.jpg",0
"images/testimage02-1-466,10335-530,10399.jpg",1
"images/testimage02-1-821,10314-885,10378.jpg",1
"images/testimage02-1-436,10317-500,10381.jpg",1
"images/testimage02-1-783,10032-847,10096.jpg",1
"images/testimage02-1-1096,9946-1160,10010.jpg",1
"images/testimage02-1-1461,10091-1525,10155.jpg",1
"images/testimage02-1-1464,10353-1528,10417.jpg",1
"images/testimage02-1-1159,10653-1223,10717.jpg",1
"images/testimage02-0-821,10572-885,10636.jpg",0
"images/testimage02-0-439,10585-503,10649.jpg",0
"images/testimage02-0-473,10491-537,10555.jpg",0
"images/testimage02-0-597,10478-661,10542.jpg",0
"images/testimage02-0-620,10265-684,10329.jpg",0
"images/testimage02-0-602,10114-666,10178.jpg",0
"images/testimage02-0-622,9992-686,10056.jpg",0
"images/testimage02-0-999,10079-1063,10143.jpg",0
"images/testimage02-0-947,10215-1011,10279.jpg",0
"images/testimage02-0-1118,10233-1182,10297.jpg",0
"images/testimage02-0-1069,10213-1133,10277.jpg",0
"images/testimage02-0-1267,10419-1331,10483.jpg",0
"images/testimage02-1-1464,10666-1528,10730.jpg",1
"images/testimage02-1-1486,10681-1550,10745.jpg",1
"images/testimage02-0-1421,10510-1485,10574.jpg",0
"images/testimage02-0-1599,10245-1663,10309.jpg",0
"images/testimage02-1-1775,9926-1839,9990.jpg",1
"images/testimage02-1-1727,9947-1791,10011.jpg",1
"images/testimage02-0-1712,10188-1776,10252.jpg",0
"images/testimage02-0-1620,10488-1684,10552.jpg",0
"images/testimage02-0-1786,10344-1850,10408.jpg",0
"images/testimage02-1-1781,10608-1845,10672.jpg",1
"images/testimage02-1-1750,10813-1814,10877.jpg",1
"images/testimage02-1-1773,11137-1837,11201.jpg",1
"images/testimage02-1-1803,11284-1867,11348.jpg",1
"images/testimage02-1-1781,11306-1845,11370.jpg",1
"images/testimage02-1-1128,11163-1192,11227.jpg",1
"images/testimage02-1-1137,11000-1201,11064.jpg",1
"images/testimage02-1-1123,11474-1187,11538.jpg",1
"images/testimage02-1-440,11361-504,11425.jpg",1
"images/testimage02-1-115,11526-179,11590.jpg",1
"images/testimage02-1-165,11470-229,11534.jpg",1
"images/testimage02-1-161,10913-225,10977.jpg",1
"images/testimage02-1-480,10825-544,10889.jpg",1
"images/testimage02-0-894,10807-958,10871.jpg",0
"images/testimage02-0-760,10968-824,11032.jpg",0
"images/testimage02-0-745,11115-809,11179.jpg",0
"images/testimage02-0-410,11085-474,11149.jpg",0
"images/testimage02-0-241,11112-305,11176.jpg",0
"images/testimage02-0-211,11241-275,11305.jpg",0
"images/testimage02-0-650,11278-714,11342.jpg",0
"images/testimage02-0-551,11417-615,11481.jpg",0
"images/testimage02-0-680,11479-744,11543.jpg",0
"images/testimage02-0-879,11507-943,11571.jpg",0
"images/testimage02-0-856,11301-920,11365.jpg",0
"images/testimage02-0-926,11102-990,11166.jpg",0
"images/testimage02-0-975,10944-1039,11008.jpg",0
"images/testimage02-0-1137,10847-1201,10911.jpg",0
"images/testimage02-0-1375,10877-1439,10941.jpg",0
"images/testimage02-0-1313,10988-1377,11052.jpg",0
"images/testimage02-1-1469,10798-1533,10862.jpg",1
"images/testimage02-0-1573,10961-1637,11025.jpg",0
"images/testimage02-0-1399,11068-1463,11132.jpg",0
"images/testimage02-0-1494,11142-1558,11206.jpg",0
"images/testimage02-0-1387,11286-1451,11350.jpg",0
"images/testimage02-0-1333,11417-1397,11481.jpg",0
"images/testimage02-0-1464,11420-1528,11484.jpg",0
"images/testimage02-0-1600,11393-1664,11457.jpg",0
"images/testimage02-0-49,11274-113,11338.jpg",0
"images/testimage02-0-34,11095-98,11159.jpg",0
"images/testimage02-0-37,10795-101,10859.jpg",0
"images/testimage02-1-129,11742-193,11806.jpg",1
"images/testimage02-1-158,11972-222,12036.jpg",1
"images/testimage02-1-474,11850-538,11914.jpg",1
"images/testimage02-1-124,11994-188,12058.jpg",1
"images/testimage02-1-476,12098-540,12162.jpg",1
"images/testimage02-1-429,11664-493,11728.jpg",1
"images/testimage02-1-813,11848-877,11912.jpg",1
"images/testimage02-1-764,12063-828,12127.jpg",1
"images/testimage02-1-782,12087-846,12151.jpg",1
"images/testimage02-1-807,12276-871,12340.jpg",1
"images/testimage02-1-823,12268-887,12332.jpg",1
"images/testimage02-1-157,12947-221,13011.jpg",1
"images/testimage02-1-192,12923-256,12987.jpg",1
"images/testimage02-1-472,12661-536,12725.jpg",1
"images/testimage02-1-503,12683-567,12747.jpg",1
"images/testimage02-1-818,12808-882,12872.jpg",1
"images/testimage02-1-1139,12974-1203,13038.jpg",1
"images/testimage02-1-1466,12848-1530,12912.jpg",1
"images/testimage02-1-1483,12598-1547,12662.jpg",1
"images/testimage02-1-1484,12335-1548,12399.jpg",1
"images/testimage02-1-1135,12217-1199,12281.jpg",1
"images/testimage02-1-1098,12222-1162,12286.jpg",1
"images/testimage02-1-1114,12224-1178,12288.jpg",1
"images/testimage02-1-839,12535-903,12599.jpg",1
"images/testimage02-1-1134,12453-1198,12517.jpg",1
"images/testimage02-1-1106,11988-1170,12052.jpg",1
"images/testimage02-1-1133,11758-1197,11822.jpg",1
"images/testimage02-1-1141,11738-1205,11802.jpg",1
"images/testimage02-1-1458,11833-1522,11897.jpg",1
"images/testimage02-1-1433,11600-1497,11664.jpg",1
"images/testimage02-0-930,11672-994,11736.jpg",0
"images/testimage02-0-702,11665-766,11729.jpg",0
"images/testimage02-0-645,11811-709,11875.jpg",0
"images/testimage02-0-640,11965-704,12029.jpg",0
"images/testimage02-0-597,11987-661,12051.jpg",0
"images/testimage02-0-627,12032-691,12096.jpg",0
"images/testimage02-0-548,11925-612,11989.jpg",0
"images/testimage02-0-126,12230-190,12294.jpg",0
"images/testimage02-0-230,12216-294,12280.jpg",0
"images/testimage02-0-151,12327-215,12391.jpg",0
"images/testimage02-0-151,12399-215,12463.jpg",0
"images/testimage02-0-292,12417-356,12481.jpg",0
"images/testimage02-0-171,12531-235,12595.jpg",0
"images/testimage02-0-121,12699-185,12763.jpg",0
"images/testimage02-0-213,12724-277,12788.jpg",0
"images/testimage02-0-310,12806-374,12870.jpg",0
"images/testimage02-0-464,12843-528,12907.jpg",0
"images/testimage02-0-605,12727-669,12791.jpg",0
"images/testimage02-0-687,12553-751,12617.jpg",0
"images/testimage02-0-528,12454-592,12518.jpg",0
"images/testimage02-0-459,12419-523,12483.jpg",0
"images/testimage02-0-610,12275-674,12339.jpg",0
"images/testimage02-0-969,12662-1033,12726.jpg",0
"images/testimage02-0-1168,12660-1232,12724.jpg",0
"images/testimage02-0-1007,12744-1071,12808.jpg",0
"images/testimage02-0-1084,12816-1148,12880.jpg",0
"images/testimage02-0-1203,12818-1267,12882.jpg",0
"images/testimage02-0-1275,12513-1339,12577.jpg",0
"images/testimage02-0-1309,12278-1373,12342.jpg",0
"images/testimage02-0-1322,12069-1386,12133.jpg",0
"images/testimage02-0-1307,11903-1371,11967.jpg",0
"images/testimage02-0-1262,11675-1326,11739.jpg",0
"images/testimage02-0-950,12064-1014,12128.jpg",0
"images/testimage02-0-950,12290-1014,12354.jpg",0
"images/testimage02-0-1530,12040-1594,12104.jpg",0
"images/testimage02-1-1740,11648-1804,11712.jpg",1
"images/testimage02-1-1780,11662-1844,11726.jpg",1
"images/testimage02-1-1764,11816-1828,11880.jpg",1
"images/testimage02-1-1800,11858-1864,11922.jpg",1
"images/testimage02-1-1754,12033-1818,12097.jpg",1
"images/testimage02-1-1785,12351-1849,12415.jpg",1
"images/testimage02-1-1778,12537-1842,12601.jpg",1
"images/testimage02-0-1685,12394-1749,12458.jpg",0
"images/testimage02-0-1670,12226-1734,12290.jpg",0
"images/testimage02-0-1752,12166-1816,12230.jpg",0
"images/testimage02-0-1568,12173-1632,12237.jpg",0
"images/testimage02-0-1645,12637-1709,12701.jpg",0
"images/testimage02-0-1690,12741-1754,12805.jpg",0
"images/testimage02-1-1785,12848-1849,12912.jpg",1
"images/testimage02-1-1758,13816-1822,13880.jpg",1
"images/testimage02-0-1104,13843-1168,13907.jpg",0
"images/testimage02-1-1445,13805-1509,13869.jpg",1
"images/testimage02-1-1422,13817-1486,13881.jpg",1
"images/testimage02-1-1444,13639-1508,13703.jpg",1
"images/testimage02-0-1117,13826-1181,13890.jpg",0
"images/testimage02-1-811,13770-875,13834.jpg",1
"images/testimage02-1-832,13826-896,13890.jpg",1
"images/testimage02-1-1138,13669-1202,13733.jpg",1
"images/testimage02-1-1155,13671-1219,13735.jpg",1
"images/testimage02-1-462,13548-526,13612.jpg",1
"images/testimage02-1-448,13579-512,13643.jpg",1
"images/testimage02-1-1108,13213-1172,13277.jpg",1
"images/testimage02-1-1474,13059-1538,13123.jpg",1
"images/testimage02-1-818,13047-882,13111.jpg",1
"images/testimage02-1-498,13117-562,13181.jpg",1
"images/testimage02-1-168,13171-232,13235.jpg",1
"images/testimage02-1-499,13089-563,13153.jpg",1
"images/testimage02-1-147,13396-211,13460.jpg",1
"images/testimage02-1-195,13657-259,13721.jpg",1
"images/testimage02-1-465,13796-529,13860.jpg",1
"images/testimage02-1-465,13826-529,13890.jpg",1
"images/testimage02-1-458,13359-522,13423.jpg",1
"images/testimage02-1-1741,13519-1805,13583.jpg",1
"images/testimage02-1-1780,13539-1844,13603.jpg",1
"images/testimage02-1-1776,13309-1840,13373.jpg",1
"images/testimage02-1-1750,13291-1814,13355.jpg",1
"images/testimage02-1-1783,13076-1847,13140.jpg",1
"images/testimage02-0-1638,13144-1702,13208.jpg",0
"images/testimage02-0-1605,12960-1669,13024.jpg",0
"images/testimage02-0-1340,12988-1404,13052.jpg",0
"images/testimage02-0-1340,13258-1404,13322.jpg",0
"images/testimage02-0-1491,13265-1555,13329.jpg",0
"images/testimage02-0-1526,13387-1590,13451.jpg",0
"images/testimage02-0-1325,13454-1389,13518.jpg",0
"images/testimage02-0-1102,13449-1166,13513.jpg",0
"images/testimage02-0-933,13449-997,13513.jpg",0
"images/testimage02-0-745,13295-809,13359.jpg",0
"images/testimage02-0-740,13193-804,13257.jpg",0
"images/testimage02-0-655,13578-719,13642.jpg",0
"images/testimage02-0-812,13593-876,13657.jpg",0
"images/testimage02-0-886,13620-950,13684.jpg",0
"images/testimage02-0-636,13732-700,13796.jpg",0
"images/testimage02-0-360,13724-424,13788.jpg",0
"images/testimage02-0-313,13481-377,13545.jpg",0
"images/testimage02-0-318,13303-382,13367.jpg",0
"images/testimage02-0-316,13107-380,13171.jpg",0
"images/testimage02-0-1595,13625-1659,13689.jpg",0
